Titles,URL,Category,Date,Title
UiPath 2022.2 Monthly Update,/blog/product-and-updates/february-2022-uipath-monthly-update,PRODUCT AND UPDATES,"February 27, 2022",
Six Reasons to Start Your Automation Program in Cloud,/blog/product-and-updates/why-start-automation-program-in-cloud,PRODUCT AND UPDATES,"February 22, 2022",
Expanding the Power of CRM through API Automation,/blog/product-and-updates/api-automation-expands-crm-power,PRODUCT AND UPDATES,"February 20, 2022",
Why You Should Leverage Microservices with Hyperautomation to Minimize Technical Debt,/blog/automation/minimize-technical-debt-leverage-automation-microservices,AUTOMATION,"February 15, 2022",
Democratizing Automation: 6 Critical Success Factors You Can’t Ignore,/blog/automation/democratizing-automation-critical-success-factors,AUTOMATION,"February 14, 2022",
Automation and the Future of the Finance Function,/blog/industry-solutions/automation-future-of-finance-amazon,INDUSTRY SOLUTIONS,"February 06, 2022",
How CIOs Can Achieve End-to-End Automation,/blog/product-and-updates/how-cios-can-achieve-end-to-end-automation,PRODUCT AND UPDATES,"January 31, 2022",
Critical Success Factors for Your Intelligent Automation Transformation,/blog/digital-transformation/intelligent-automation-transformation-success-factors,DIGITAL TRANSFORMATION,"January 25, 2022",
UiPath 2022.1 Monthly Update,/blog/product-and-updates/january-2022-uipath-monthly-update,PRODUCT AND UPDATES,"January 23, 2022",
Survey: Business Leaders are Expanding Automation Usage to Combat the Global Labor Shortage,/blog/automation/using-automation-combat-labor-shortage,AUTOMATION,"January 18, 2022",
API Automation vs. iPaaS: Competitive or Complementary?,/blog/automation/api-automation-vs-ipaas,AUTOMATION,"January 16, 2022",
Newly Enhanced Triggers Help Drive Automation,/blog/product-and-updates/uipath-integration-service-newly-enhanced-triggers,PRODUCT AND UPDATES,"January 09, 2022",
My New Year's Resolution: Using Automation to Help Improve 1 Million People's Lives,/blog/industry-solutions/new-years-resolution-using-automation-improve-1-million-lives,INDUSTRY SOLUTIONS,"December 28, 2021",
,/blog/automation/business-continuity-leveraging-automation,AUTOMATION,"June 18, 2020",Leveraging Automation to Achieve Business Continuity in the New Normal
,/blog/automation/software-robots-help-control-new-normal,AUTOMATION,"June 17, 2020",How Software Robots Can Help You Take Control of the ‘New Normal’
,/blog/rpa/why-rpa-is-critical-right-now,RPA,"June 16, 2020",Why Is RPA So Important Right Now?
,/blog/product-and-updates/rpa-bots-integration-druid-chatbots-transform-service-experiences,PRODUCT AND UPDATES,"June 15, 2020",Transform Service Experiences with RPA and Chatbots
,/blog/industry-solutions/hyperautomation-covid19-insurance-industry,INDUSTRY SOLUTIONS,"June 10, 2020",Hyperautomation and COVID-19: Navigating Changes in the Insurance Industry
,/blog/automation/global-crisis-accelerate-automation-plans-forrester-research,AUTOMATION,"June 10, 2020",Forrester Research: The Global Pandemic Will Alter and Accelerate Automation Plans
,/blog/automation/automation-five-areas-impact,AUTOMATION,"June 09, 2020","New Normal, New Pressures: Automation's Five Areas of Impact"
,/blog/product-and-updates/uipath-ai-fabric-in-cloud-ga-release,PRODUCT AND UPDATES,"June 08, 2020",Introducing UiPath AI Fabric in the Cloud – Apply AI to Your RPA Workflows
,/blog/automation/eight-reasons-to-use-process-mining,AUTOMATION,"June 08, 2020",Eight Reasons to Use Process Mining in Your Organization
,/blog/automation/five-ways-rpa-ai-position-businesses-for-success-now-and-post-covid,AUTOMATION,"June 03, 2020",5 Ways RPA and AI Can Position Businesses For Success Now and After COVID-19
,/blog/automation/what-is-process-mining,AUTOMATION,"June 02, 2020",Process Mining Value: What it Means for Your Business
,/blog/digital-transformation/new-research-shows-workers-concerned-skills-gaps,DIGITAL TRANSFORMATION,"June 01, 2020",New Research Shows Worker Concerns About Skills Gap
,/blog/automation/creating-win-win-scenarios-with-process-automation,AUTOMATION,"May 27, 2020",Creating Win-Win Scenarios with Process Automation
,/blog/automation/enterprises-improving-operational-efficiency-with-process-mining,AUTOMATION,"May 25, 2020",How Enterprises Are Improving Operational Efficiency with Process Mining
,/blog/automation/does-your-organization-need-chief-automation-officer,AUTOMATION,"May 21, 2020",Does Your Organization Need a Chief Automation Officer?
,/blog/product-and-updates/robot-for-every-person-next-wave-personal-productivity,PRODUCT AND UPDATES,"May 20, 2020",'A Robot for Every Person': The Next Wave of Personal Productivity
,/blog/automation/citizen-led-innovation-increase-automation-skills-remote-workforce,AUTOMATION,"May 19, 2020",Citizen-Led Innovation: Increasing Automation Skills for a Remote Workforce
,/blog/industry-solutions/academic-alliance-university-remote-teaching-automation,INDUSTRY SOLUTIONS,"May 18, 2020",How an Academic Alliance University is Teaching Automation to a Remote World
,/blog/product-and-updates/2020-fts-release-series,PRODUCT AND UPDATES,"May 13, 2020",UiPath 2020 FTS Release Series: Everything You Need To Know To Unlock Hyperautomation
,/blog/product-and-updates/2020-fast-track-support-release-for-hyperautomation,PRODUCT AND UPDATES,"May 13, 2020",UiPath 2020: Fast Track Support Release - Built for Hyperautomation
,/blog/product-and-updates/scale-infinitely-with-automation-cloud,PRODUCT AND UPDATES,"May 13, 2020","Start Instantly, Scale Infinitely with the UiPath Automation Cloud"
,/blog/product-and-updates/introducing-test-suite-powerful-robots-apps,PRODUCT AND UPDATES,"May 13, 2020",Introducing UiPath Test Suite – Make Your Robots and Apps Stronger and More Resilient
,/blog/product-and-updates/introducing-document-understanding-process-documents-intelligently,PRODUCT AND UPDATES,"May 13, 2020",Introducing UiPath Document Understanding – A More Efficient Way to Intelligently Process Documents
,/blog/product-and-updates/upcoming-uipath-2020-fts-release,PRODUCT AND UPDATES,"May 11, 2020",Empowering Every Employee To Be An Automation Hero
,/blog/automation/implementing-intelligent-automation-today-everest-playbook,AUTOMATION,"May 11, 2020",A Playbook for Implementing Intelligent Automation Today
,/blog/product-and-updates/introducing-uipath-unified-customer-success-program,PRODUCT AND UPDATES,"May 08, 2020",Taking Customers’ Successes to New Heights: Introducing New UiPath Customer Success Program
,/blog/automation/rpa-process-mining-emerge-strong-post-recession,AUTOMATION,"May 05, 2020",How Recession Winners Will Use RPA and Process Mining to Emerge Stronger
,/blog/automation/selecting-right-automation-tools-future-of-work,AUTOMATION,"May 04, 2020","To Conquer the Future of Work, Leaders Must Pick the Right Automation Tools for the Job—Here’s How"
,/blog/automation/businesses-prepare-for-post-covid19-with-automation,AUTOMATION,"April 29, 2020",Automated Systems Allow Us to Start Building Our Post-COVID-19 World Today
,/blog/industry-solutions/rpa-robots-help-us-bank-scale-ppp-loan-forgiveness,INDUSTRY SOLUTIONS,"April 27, 2020",U.S. Banks Scale PPP Loan Forgiveness with Help from UiPath Robots
,/blog/product-and-updates/april-2020-uipath-monthly-update,PRODUCT AND UPDATES,"April 27, 2020",UiPath 2020.4 Monthly Update: A Studio Edition for Everyone
,/blog/industry-solutions/five-ways-healthcare-organizations-using-rpa-during-covid19,INDUSTRY SOLUTIONS,"April 21, 2020",5 Innovative Ways Healthcare Organizations are Using Software Robots During COVID-19
,/blog/automation/how-to-train-future-automation-professionals,AUTOMATION,"April 17, 2020",There’s a Wealth of Potential Automation Professionals—They Just Need to be Trained
,/blog/rpa/csuite-rpa-overview-quick-start-guide,RPA,"April 16, 2020",Overview of RPA for the C-Suite: The Quick Guide to Getting Started
,/blog/industry-solutions/fast-scale-banking-surge-sba-loans-rpa,INDUSTRY SOLUTIONS,"April 10, 2020",UiPath Delivers Lightning Fast Scalability for Banks to Fulfill Historic Surge of SBA Loan Requests
,/blog/digital-transformation/offshore-outsourcing-better-with-rpa,DIGITAL TRANSFORMATION,"April 09, 2020",Will Technology Replace Your Offshore Outsourcing Vendors—or Reboot Them?
,/blog/industry-solutions/health-tracking-robots-battle-covid19,INDUSTRY SOLUTIONS,"April 09, 2020",How Health-Tracking Robots Are Being Used in the Battle Against COVID-19
,/blog/automation/software-robot-helping-people-track-covid-19,AUTOMATION,"April 07, 2020",The Software Robot Helping People Track COVID-19 in Their Communities
,/blog/ai/leveraging-document-understanding-ecosystem,AI,"April 02, 2020",Leveraging the Document Understanding Ecosystem
,/blog/rpa/rpa-productivity-hacks-remote-working,RPA,"March 30, 2020",5 RPA Productivity Hacks for Remote Working
,/blog/automation/automation-skills-best-practices-future-of-work,AUTOMATION,"March 26, 2020",Is Your Organization Ready to Meet Its Growing Need for Automation Skills?
,/blog/product-and-updates/march-2020-uipath-monthly-update,PRODUCT AND UPDATES,"March 23, 2020",UiPath 2020.3 Monthly Update
,/blog/automation/operational-automation-best-practices,AUTOMATION,"March 19, 2020",How to Automate Your Business: Five Operational Automation Best Practices
,/blog/automation/ceo-daniel-dines-uipath-live-recap,AUTOMATION,"March 10, 2020",The Best of CEO Daniel Dines Unscripted from UiPath Live
,/blog/industry-solutions/strong-rpa-acceptance-by-united-states-government,INDUSTRY SOLUTIONS,"March 06, 2020",RPA Continues to Receive Strong U.S. Government Acceptance
,/blog/automation/change-management-strategies-automation,AUTOMATION,"March 04, 2020",How Change Management Strategies at Cision and Morgan Stanley Drive Automation Adoption
,/blog/automation/how-software-robots-help-companies-keep-employees-safe-from-virus,AUTOMATION,"March 02, 2020",RPA and COVID-19: How Software Robots Are Helping Companies Put Employee Health First
,/blog/automation/how-automation-will-help-solve-retirement-crisis,AUTOMATION,"February 26, 2020",How Automation Will Help Us Solve The Retirement Crisis
,/blog/product-and-updates/february-2020-uipath-monthly-update,PRODUCT AND UPDATES,"February 24, 2020",UiPath 2020.2 Monthly Update
,/blog/automation/how-to-select-automation-partner,AUTOMATION,"February 20, 2020",Top 5 Things To Consider When Selecting an Automation Partner
,/blog/industry-solutions/clearing-healthcare-backlogs-epidemic-with-automation,INDUSTRY SOLUTIONS,"February 20, 2020",Clearing the Epidemic of Healthcare Backlogs with Automation
,/blog/product-and-updates/introducing-agent-desktop-for-attended-automation,PRODUCT AND UPDATES,"February 18, 2020",Agent Desktop: A New Way of Looking at Attended Automation
,/blog/industry-solutions/automation-enabling-future-of-insurance,INDUSTRY SOLUTIONS,"February 17, 2020",Automation for the Future of Insurance: Enabling the Ecosystem
,/blog/ai/improved-document-processing,AI,"February 12, 2020",Combining Rule-Based and Model-Based Approaches for Improved Document Processing
,/blog/rpa/take-control-rpa-impact-on-business,RPA,"February 07, 2020",How to Take Control of RPA’s Impact on Your Business
,/blog/automation/impact-of-automation-future-of-work,AUTOMATION,"February 06, 2020",The Future of Work: A UiPath Conversation with Jamie Susskind and Google
,/blog/automation/automation-helps-cios-drive-culture-innovation,AUTOMATION,"January 30, 2020",How the 3 S’s of Automation Help the CIO Drive a Culture of Innovation
,/blog/industry-solutions/rpa-missing-puzzle-piece-nonprofit-digital-transformation,INDUSTRY SOLUTIONS,"January 28, 2020",Why RPA Is the Missing Puzzle Piece for Nonprofit Digital Transformation
,/blog/product-and-updates/january-2020-uipath-monthly-update,PRODUCT AND UPDATES,"January 27, 2020",UiPath 2020.1 Monthly Update
,/blog/product-and-updates/uipath-licensing-server-migration,PRODUCT AND UPDATES,"January 24, 2020",Licensing Server Migration: All the Information You Need for a Smooth Transition
,/blog/automation/what-hyperautomation-means-for-rpa-users,AUTOMATION,"January 21, 2020",What Hyperautomation Means for RPA Users
,/blog/industry-solutions/schools-enabling-robots-for-students,INDUSTRY SOLUTIONS,"January 16, 2020",How Schools are Enabling a Robot for Every Student
,/blog/rpa/industry-leaders-using-rpa-to-attract-retain-workforce-of-the-future,RPA,"January 13, 2020",How Industry Leaders Are Using RPA to Attract & Retain the Workforce of the Future
,/blog/rpa/rpa-vs-api-integration,RPA,"January 09, 2020",RPA vs API Integration: How to Choose Your Automation Technologies
,/blog/rpa/top-10-rpa-articles-of-2019,RPA,"January 06, 2020",Automation in 2019: The 10 Most Popular RPA & AI Articles in 2019
,/blog/automation/keys-to-unlock-intelligent-automation-at-scale,AUTOMATION,"December 30, 2019",The 6 Keys You Need to Help Unlock Intelligent Automation at Scale
,/blog/automation/automation-strategic-priority-for-european-union,AUTOMATION,"December 19, 2019",Automation Continues to Be a Strategic Priority for the European Union
,/blog/digital-transformation/organizations-need-experts-to-achieve-digital-transformation,DIGITAL TRANSFORMATION,"December 18, 2019",Why It Takes a Village for Organizations to Achieve Digital Transformation
,/blog/automation/considerations-for-building-agile-automation-at-scale,AUTOMATION,"December 13, 2019",3 Considerations for Building Agile Automation at Scale
,/blog/product-and-updates/2019-11-uipath-monthly-update,PRODUCT AND UPDATES,"December 11, 2019",UiPath 2019.11 Monthly Update
,/blog/rpa/uipath-high-scores-gartner-capabilities-rpa,RPA,"December 10, 2019",UiPath Scored in the Gartner Critical Capabilities for Robotic Process Automation
,/blog/rpa/why-cios-are-taking-rpa-industry-seriously,RPA,"December 09, 2019",Why Chief Information Officers Need To Take Robotic Process Automation Seriously
,/blog/automation/framework-scaling-automation-programs,AUTOMATION,"December 02, 2019",Scale Your Automation Program with This 7-Pillar Framework
,/blog/automation/best-practices-automation-first-enterprises,AUTOMATION,"November 29, 2019",Five Cultural Best Practices for the Automation First Enterprise
,/blog/automation/are-you-ready-for-hyperautomation,AUTOMATION,"November 25, 2019",Are You Ready for Hyperautomation?
,/blog/automation/how-pandora-amazon-uber-use-automation-quick-wins,AUTOMATION,"November 13, 2019","How Automation Quick Wins Help Amazon, Uber, and SiriusXM/Pandora Stay Ahead of the Competition"
,/blog/industry-solutions/process-mining-and-automation-in-logistics,INDUSTRY SOLUTIONS,"November 08, 2019",Process Mining and Automation in Logistics
,/blog/product-and-updates/crowdsourcing-innovation-helps-guide-our-roadmap,PRODUCT AND UPDATES,"November 07, 2019",Crowdsourcing Innovation: How You Guide Our Roadmap
,/blog/industry-solutions/4-ways-rpa-is-changing-modern-manufacturing,INDUSTRY SOLUTIONS,"November 05, 2019",4 Ways RPA Is Changing Modern Manufacturing
,/blog/rpa/rpa-predictions-2020,RPA,"October 25, 2019",7 Predictions for RPA and AI in 2020
,/blog/ai/solving-data-science-challenges-rpa-ai,AI,"October 24, 2019",Getting Back to What You Love about Data: Solving Common Data Science Headaches with AI Fabric
,/blog/rpa/uipath-update-from-founder-ceo-daniel-dines,RPA,"October 24, 2019",Founder Update on UiPath
,/blog/rpa/uipath-2019-industry-leader-forrester-wave-rpa,RPA,"October 23, 2019","UiPath Named a Leader in Forrester Wave for Robotic Process Automation, Q4 2019"
,/blog/rpa/global-regions-rpa-trends,RPA,"October 23, 2019",Global Automation Trends: Where RPA is Accelerating and How You Can Keep Up
,/blog/rpa/ceo-daniel-dines-forward-2019-keynote,RPA,"October 22, 2019",UiPath CEO Daniel Dines on the State of UiPath
,/blog/automation/uipath-forward-2019-key-takeaways,AUTOMATION,"October 18, 2019",4 Key Takeaways from FORWARD III
,/blog/product-and-updates/scientific-approach-to-plan-automation-strategy,PRODUCT AND UPDATES,"October 15, 2019",Utilize a Scientific Approach to Plan Your Automation Strategy
,/blog/product-and-updates/uipath-lts-release-updates,PRODUCT AND UPDATES,"October 15, 2019",UiPath 2019: Long Term Support Release
,/blog/product-and-updates/simplify-enterprise-scale-rpa,PRODUCT AND UPDATES,"October 15, 2019",Simplify Your Enterprise Robotic Process Automation
,/blog/product-and-updates/introducing-uipath-studiox,PRODUCT AND UPDATES,"October 15, 2019","Building the Future, One Robot at a Time"
,/blog/automation/partner-forward-2019-highlights,AUTOMATION,"October 15, 2019",Highlights from UiPath Partner FORWARD 2019
,/blog/product-and-updates/robots-heavy-lifting,PRODUCT AND UPDATES,"October 15, 2019",Have Your Robots Do the Heavy Lifting
,/blog/product-and-updates/uipath-apps-launch,PRODUCT AND UPDATES,"October 15, 2019",Automate More Through Seamless Human-Robot Collaboration
,/blog/product-and-updates/business-outcomes-rpa-operations-insights,PRODUCT AND UPDATES,"October 15, 2019",Align Business Outcomes with RPA Operations Using UiPath Insights
,/blog/rpa/rpa-democratization-improves-education-and-local-economy,RPA,"October 14, 2019","Your Right to Robots: Wait Less, Forge the Future of Education, and Improve Your Local Economy"
,/blog/rpa/rpa-implementation-key-lessons-from-forward-2018,RPA,"October 11, 2019",3 Key Lessons in RPA Implementation from FORWARD 2018 as Excitement Builds For FORWARD III
,/blog/industry-solutions/rpa-innovator-brings-automation-first-to-usda,INDUSTRY SOLUTIONS,"October 10, 2019",UiPath Interns Discuss Automation First With USDA Innovator
,/blog/ai/using-artificial-intelligence-to-optimize-document-understanding,AI,"October 10, 2019",How to Use AI to Optimize Document Understanding
,/blog/industry-solutions/insurance-claims-processing-rpa-use-cases,INDUSTRY SOLUTIONS,"October 07, 2019",How Insurance is Driving Claims Processing Efficiency with Robotic Process Automation
,/blog/rpa/forward-2018-highlights,RPA,"October 04, 2019",A Look Back at FORWARD 2018 Highlights in Anticipation of FORWARD III
,/blog/automation/robots-revolution-ai-dreamy-businesses,AUTOMATION,"October 03, 2019","Robots, Dreamy Businesses, and the Future of Work"
,/blog/ai/business-outcomes-operationalizing-ai-ml-scale,AI,"October 03, 2019",Better Business Outcomes by Operationalizing Artificial Intelligence at Scale
,/blog/automation/process-insights,AUTOMATION,"October 02, 2019",Process Insights: What to Do After Process Analytics
,/blog/rpa/building-bridge-between-rpa-scaling-and-transformation,RPA,"October 02, 2019",3 Automation Strategies to Take You From Scaling RPA to Transforming Your Entire Organization
,/blog/product-and-updates/uipath-2019-9-monthly-update,PRODUCT AND UPDATES,"September 30, 2019",UiPath 2019.9 Monthly Update
,/blog/product-and-updates/introducing-high-availability-add-on-for-uipath-orchestrator,PRODUCT AND UPDATES,"September 30, 2019",Introducing the High Availability Add-On for UiPath Orchestrator
,/blog/industry-solutions/public-sector-automation-path-to-digital-government,INDUSTRY SOLUTIONS,"September 27, 2019",Automation is Enabling Digital Transformation in Governments Around the World
,/blog/rpa/csuite-leaders-stay-competitive-with-rpa,RPA,"September 24, 2019",How C-Suite Leaders Are Staying Competitive With RPA
,/blog/industry-solutions/bank-compliance-rpa-use-cases,INDUSTRY SOLUTIONS,"September 20, 2019",How UiPath Makes Banking Compliance Easier to Manage
,/blog/automation/automation-first-mindset,AUTOMATION,"September 19, 2019",What Does It Mean to Think with an Automation First Mindset?
,/blog/rpa/using-rpa-to-increase-operations-innovation,RPA,"September 18, 2019",Using Robotic Process Automation to Induce Operational Innovation
,/blog/rpa/number-one-reason-to-attend-forward-2019,RPA,"September 16, 2019",The #1 Reason You Need To Come To FORWARD III
,/blog/automation/future-of-automation-depends-on-democratization,AUTOMATION,"September 13, 2019",Your Right to Robots: Why the Future of Automation Depends on RPA Democratization
,/blog/rpa/analytics-for-rpa-deployment,RPA,"September 11, 2019",Analytics for Your RPA Deployment: A KPI Playbook
,/blog/industry-solutions/salesforce-automation-marketing-robots-save-time,INDUSTRY SOLUTIONS,"September 06, 2019",This Salesforce Robot Saves UiPath Marketers 200+ Hours of Tedious Data Entry
,/blog/industry-solutions/transforming-global-retail-with-rpa,INDUSTRY SOLUTIONS,"September 06, 2019",Transforming Global Retail with RPA
,/blog/digital-transformation/digital-transformation-strategy-case-studies,DIGITAL TRANSFORMATION,"August 30, 2019",Navigating Disruption: 4 Case Studies in Digital Transformation Strategy
,/blog/rpa/f-14-aircraft-analogy-to-successful-rpa-development,RPA,"August 29, 2019",What a Retired Navy Pilot and a 50-Year-Old Fighter Jet Taught Me About RPA Development
,/blog/product-and-updates/uipath-2019-8-monthly-update,PRODUCT AND UPDATES,"August 27, 2019",UiPath 2019.8 Monthly Update
,/blog/rpa/5-key-takeaways-challenges-of-rpa,RPA,"August 21, 2019",Five Key Takeaways on the Challenges of Robotic Process Automation
,/blog/industry-solutions/rpa-transforming-legal-profession-automation,INDUSTRY SOLUTIONS,"August 20, 2019",Transforming the Legal Profession Through Automation Technology: How UiPath Legal Uses Robots
,/blog/rpa/forward-2019-rpa-conference-dont-miss-tips,RPA,"August 19, 2019",7 Things You Don’t Want To Miss At FORWARD III
,/blog/automation/rpa-use-cases-for-attended-robots-automation,AUTOMATION,"August 12, 2019",Finding Your RPA Use Cases: 3 Ways Attended Robots Can Help You Do More (Part 2)
,/blog/rpa/beyond-low-hanging-fruit-to-scale-rpa,RPA,"August 06, 2019",The Importance of Looking Beyond Low Hanging Fruit to Successfully Scale RPA
,/blog/industry-solutions/expanded-rpa-opportunities-banking-capital-markets,INDUSTRY SOLUTIONS,"August 02, 2019","The Quickest Ways to Successfully Scale RPA in Banking and Capital Markets: New Use Cases, Heat Maps, and More"
,/blog/rpa/gartner-peer-insights-customer-choice-rpa-2019,RPA,"July 29, 2019",UiPath Named a July 2019 Gartner Peer Insights Customers’ Choice for Robotic Process Automation Software
,/blog/industry-solutions/eu-urges-public-sector-use-artificial-intelligence-systems,INDUSTRY SOLUTIONS,"July 25, 2019",European Union AI Experts Urge Public Sector to Deploy AI Systems to Improve Public Services
,/blog/automation/rpa-use-cases-part-one-unattended-robots,AUTOMATION,"July 24, 2019","Finding Your RPA Use Cases, Pt. 1: 3 Ways Robots Can Do It Better"
,/blog/product-and-updates/uipath-2019-7-monthly-update,PRODUCT AND UPDATES,"July 22, 2019",UiPath 2019.7 Monthly Update
,/blog/product-and-updates/introducing-connect-enterprise-hub,PRODUCT AND UPDATES,"July 22, 2019",A New Chapter in RPA: Take The Wheel of Your Automation Strategy
,/blog/automation/rpa-integrations-with-microsoft-cloud-inspire,AUTOMATION,"July 11, 2019",Learn How to Achieve More For Your Customers: Join UiPath at Microsoft Inspire
,/blog/rpa/uipath-2019-industry-leader-gartner-rpa-magic-quadrant,RPA,"July 10, 2019",UiPath Named a Leader in the 2019 Gartner Magic Quadrant for Robotic Process Automation Software
,/blog/rpa/gartner-magic-quadrant-rpa-report-2019-archives,RPA,"July 09, 2019","Gartner Releases First-Ever Magic Quadrant for Robotic Process Automation Software, and UiPath is a Leader"
,/blog/rpa/successful-path-to-scaling-rpa,RPA,"July 01, 2019",The Successful Path to Scaling RPA
,/blog/ai/ai-invoice-receipt-processing,AI,"June 25, 2019",Using AI to Automate Invoices and Receipt Processing
,/blog/product-and-updates/uipath-2019-6-monthly-update,PRODUCT AND UPDATES,"June 25, 2019",UiPath 2019.6 Monthly Update
,/blog/rpa/together-sydney-event-2019,RPA,"June 20, 2019",Video highlights and downloads from the #UiPathTogether Sydney event
,/blog/automation/how-organizations-use-rpa-automation-first,AUTOMATION,"June 19, 2019",How Savvy Organizations Are Using RPA to Thrive in the Automation First Era
,/blog/industry-solutions/brands-virgin-media-benefit-rpa-adoption,INDUSTRY SOLUTIONS,"June 18, 2019",The ‘Most Irresistible Brand in Connected Entertainment’ Adopts RPA
,/blog/industry-solutions/healthcare-rpa-myths,INDUSTRY SOLUTIONS,"June 11, 2019",3 Myths About Robotic Process Automation in Healthcare Standing in the Way of Progress
,/blog/rpa/answering-top-rpa-questions-from-customers,RPA,"June 07, 2019",Top 5 RPA Questions (and Answers) From a 6-Month Road Trip Visiting Customers
,/blog/product-and-updates/uipath-enterprise-cloud-platform-public-preview,PRODUCT AND UPDATES,"June 04, 2019",UiPath Enterprise Cloud Platform Now Available in Public Preview
,/blog/industry-solutions/us-government-continues-paving-way-for-rpa,INDUSTRY SOLUTIONS,"May 31, 2019",U.S. Government Continues to Pave the Way for Robotic Process Automation
,/blog/rpa/robotic-process-automation-myths,RPA,"May 22, 2019",Debunking RPA Myths: Getting Started with Automation is Not Difficult
,/blog/industry-solutions/rpa-for-marketers,INDUSTRY SOLUTIONS,"May 21, 2019",RPA For Marketers: How Marketers are Getting More Done with Software Robots
,/blog/product-and-updates/uipath-2019-5-monthly-update,PRODUCT AND UPDATES,"May 20, 2019",UiPath 2019.5 Monthly Update
,/blog/industry-solutions/rpa-for-uk-public-sector,INDUSTRY SOLUTIONS,"May 16, 2019",Beyond Cost: How Robotic Process Automation is About to Transform UK Government
,/blog/industry-solutions/healthcare-rpa-improves-with-the-uipath-2019-fast-track-release-uipath,INDUSTRY SOLUTIONS,"May 16, 2019",4 Ways Automation—and the UiPath 2019 Fast Track Release—Benefits Healthcare
,/blog/automation/uipath-academy-trains-for-future-of-work,AUTOMATION,"May 15, 2019",How UiPath is Training People for the Future of Work
,/blog/automation/sapphire-now-2019-key-takeaways,AUTOMATION,"May 15, 2019",4 Key Takeaways from SAPPHIRE NOW 2019
,/blog/automation/sapphire-now-2019-day-2-highlights,AUTOMATION,"May 09, 2019",Day 2 Highlights of UiPath at SAPPHIRE NOW 2019
,/blog/automation/sapphire-now-2019-day-1-highlights,AUTOMATION,"May 08, 2019","Packed RPA Presentations, Robot Races, and More: SAPPHIRE NOW Day 1 Highlights"
,/blog/automation/uipath-at-sapphire-now-2019,AUTOMATION,"May 02, 2019",Discover the Power of RPA and SAP Together: Join UiPath at SAPPHIRE NOW
,/blog/rpa/rpa-for-sap-solutions-automate-back-end-sales-processes,RPA,"May 01, 2019",RPA for SAP Solutions: Now Your Sales Team Can Focus on Selling
,/blog/rpa/how-rpa-transforms-data-migration,RPA,"May 01, 2019",How RPA Transforms Data Migration
,/blog/rpa/sap-and-rpa-together-drive-digital-transformation,RPA,"April 24, 2019",Building Intelligent Enterprise: How RPA Takes Your SAP Applications to the Next Level
,/blog/industry-solutions/flexible-rpa-solution-for-government-agencies,INDUSTRY SOLUTIONS,"April 22, 2019",Flexibility is Key to Building an Effective Digital Workforce for Government Agencies
,/blog/product-and-updates/uipath-2019-fast-track-release,PRODUCT AND UPDATES,"April 22, 2019",2019 Fast Track Release: Powering the Automation First Era
,/blog/product-and-updates/introducing-uipath-ai-fabric,PRODUCT AND UPDATES,"April 10, 2019",UiPath AI Fabric Vision: Bringing AI & RPA Together to Deliver the Future of Intelligent Automation
,/blog/industry-solutions/rpa-improves-legal-compliance,INDUSTRY SOLUTIONS,"April 01, 2019",How Robotic Process Automation Powers Bulletproof Legal Compliance
,/blog/industry-solutions/eu-parliament-endorses-robotic-process-automation-in-public-sector,INDUSTRY SOLUTIONS,"March 29, 2019",European Parliament Endorses RPA as a Driver of Transformation in the Public Sector
,/blog/industry-solutions/rpa-improving-productivity-in-insurance-industry,INDUSTRY SOLUTIONS,"March 26, 2019",RPA Means Better Processes and Improved Productivity for the Insurance Industry
,/blog/industry-solutions/automating-in-the-healthcare-sector,INDUSTRY SOLUTIONS,"March 26, 2019",Automating Tasks in the Healthcare Sector Means Better Care for Patients
,/blog/industry-solutions/rpa-and-ai-in-us-government-budget-2020,INDUSTRY SOLUTIONS,"March 25, 2019",U.S. Government’s 2020 Budget Encourages Using RPA and AI to Serve Citizens Better
,/blog/industry-solutions/rpa-empowers-modern-legal-teams,INDUSTRY SOLUTIONS,"March 25, 2019",How Robotic Process Automation Empowers Today’s Legal Teams
,/blog/product-and-updates/uipath-2019-3-monthly-update,PRODUCT AND UPDATES,"March 18, 2019",UiPath 2019.3 Monthly Update
,/blog/rpa/impact-of-rpa-on-employee-engagement-forrester,RPA,"March 15, 2019","The Impact of RPA on Employee Engagement, a Forrester Consulting Thought Leadership Paper"
,/blog/industry-solutions/robotic-process-automation-insurance-companies-core-processes,INDUSTRY SOLUTIONS,"March 04, 2019",How Insurance Companies are Using the UiPath Enterprise RPA Platform to Improve 11 Core Processes
,/blog/industry-solutions/rpa-for-bfsi-compliance,INDUSTRY SOLUTIONS,"February 20, 2019",Leveraging RPA to Reduce Risk and Increase Compliance in BFSI
,/blog/product-and-updates/uipath-2019-2-monthly-update,PRODUCT AND UPDATES,"February 19, 2019",UiPath 2019.2 Monthly Update
,/blog/product-and-updates/introducing-new-uipath-ai-computer-vision,PRODUCT AND UPDATES,"February 19, 2019",The New UiPath AI Computer Vision Is Now in Public Preview
,/blog/industry-solutions/american-ai-initiative-and-intelligent-automation-to-incorporate-rpa-into-government-agencies,INDUSTRY SOLUTIONS,"February 14, 2019",When Policy Drives Technology: American AI Initiative and Intelligent Automation
,/blog/rpa/breaking-down-silos-to-fast-track-rpa-implementation,RPA,"February 13, 2019",How to Break Down Organizational Silos to Speed Up RPA Implementation | UiPath
,/blog/ai/solving-robotic-ai-challenges,AI,"February 12, 2019",Solving Robotic & AI Challenges at Massive Scale Today
,/blog/product-and-updates/new-release-strategy,PRODUCT AND UPDATES,"February 06, 2019",UiPath Introduces A New Release Strategy
,/blog/product-and-updates/uipath-orchestrator-mobile-app,PRODUCT AND UPDATES,"January 22, 2019",Supervise RPA On the Go: Introducing the New UiPath Orchestrator Mobile App
,/blog/rpa/learning-robotic-process-automation-through-video-tutorials,RPA,"January 21, 2019",Learn Robotic Process Automation with RPA Tutorials for Beginners
,/blog/rpa/ultimate-rpa-glossary-of-terms,RPA,"January 16, 2019",The Ultimate RPA Glossary: Robotic Process Automation Definitions to Know
,/blog/industry-solutions/faster-contact-centers,INDUSTRY SOLUTIONS,"December 18, 2018",Contact Centers About to Get Faster
,/blog/product-and-updates/2018-4-release-long-term-support-and-accelerated-time-to-rpa-value,PRODUCT AND UPDATES,"December 17, 2018",2018.4 Release- Long Term Support and Accelerated Time to RPA Value
,/blog/industry-solutions/white-house-intelligent-automation,INDUSTRY SOLUTIONS,"December 05, 2018",White House Tech Roundtable provides an opportunity to start a conversation on Intelligent automation.
,/blog/industry-solutions/5-hr-service-providers-use-cases,INDUSTRY SOLUTIONS,"December 04, 2018",5 Ways UiPath Enterprise RPA Platform Makes HR Service Providers More Efficient
,/blog/rpa/rpa-adoption-top-down-or-bottom-up,RPA,"November 27, 2018",RPA Adoption: Top-down or Bottom-up?
,/blog/industry-solutions/6-ways-uipath-makes-banks-more-efficient,INDUSTRY SOLUTIONS,"November 21, 2018",6 Ways the UiPath Enterprise RPA Platform Makes Retail Banks More Efficient
,/blog/rpa/smart-rpa-playbook-everest,RPA,"November 12, 2018",The Smart RPA Playbook: From Real-World RPA Deployments to a Practical Guiding Framework
,/blog/industry-solutions/how-ladbrokes-saved-11000-hours-with-rpa,INDUSTRY SOLUTIONS,"November 08, 2018","How Ladbrokes Went from RPA Failure to Saving 11,000 Work Hours in 1 Year"
,/blog/industry-solutions/automation-garage-uks-largest-government-agency,INDUSTRY SOLUTIONS,"November 01, 2018",The Intelligent Automation Garage at the UK’s Largest Government Agency
,/blog/product-and-updates/2018-3-accelerating-the-time-to-value-for-rpa,PRODUCT AND UPDATES,"October 25, 2018",2018.3 Release: Accelerating the Time to Value for RPA
,/blog/automation/the-automation-first-era-here-to-stay,AUTOMATION,"October 22, 2018",The “Automation First” Era in Enterprise Technology is here to stay
,/blog/rpa/rpa-and-the-roi-conundrum,RPA,"October 18, 2018",RPA and the ROI Conundrum
,/blog/automation/automation-driven-by-business-changing-human-culture,AUTOMATION,"September 13, 2018","Automation: Driven by Business, Changing Human Culture"
,/blog/automation/what-is-business-intelligence-why-do-i-need-to-know,AUTOMATION,"September 11, 2018",What Is Business Intelligence? And Why Do I Need to Know?
,/blog/industry-solutions/use-cases-it-transformation-rpa,INDUSTRY SOLUTIONS,"September 06, 2018",Use Cases of RPA Facilitating IT Process Transformation
,/blog/rpa/rpa-operating-model,RPA,"August 30, 2018",Where do you start thinking about how to define an RPA operating model?
,/blog/rpa/rpa-re-engineer-first-really,RPA,"August 16, 2018","RPA: re-engineer first, really?"
,/blog/ai/when-rpa-met-ai,AI,"August 09, 2018",When RPA met AI: the Rise of Cognitive Automation
,/blog/industry-solutions/uipaths-digital-employees-government-early-adopters,INDUSTRY SOLUTIONS,"August 02, 2018",UiPath’s Digital Employees are Joining the Government Workforce. Testimonials From Early Adopters.
,/blog/rpa/rpa-innovation-week-dont-miss-out,RPA,"July 17, 2018","RPA Innovation Week is Coming Up, And You Can’t Afford To Miss Out"
,/blog/rpa/rpa-mid-sized-company,RPA,"July 12, 2018","Not Just Obligation, But Opportunity: Adopting RPA as a Mid-sized Company"
,/blog/rpa/simplicity-development-rpa-tool-benefit,RPA,"July 05, 2018",The Real Benefit of an Easy to Use RPA Tool: An Opinion by UiPath's Chief of Strategy
,/blog/industry-solutions/automation-future-retail-cpg,INDUSTRY SOLUTIONS,"June 21, 2018",Is Robotic Process Automation the Future for the Retail and Consumer Packaged Goods Industries?
,/blog/product-and-updates/accelerating-ai-2018-2-uipath-enterprise-rpa,PRODUCT AND UPDATES,"June 12, 2018",Accelerating AI with the 2018.2 release of the UiPath Enterprise RPA platform
,/blog/industry-solutions/finance-accounting-transformation-rpa,INDUSTRY SOLUTIONS,"June 07, 2018",RPA Continues to Accelerate Finance and Accounting Transformation
,/blog/industry-solutions/use-cases-healthcare-automation,INDUSTRY SOLUTIONS,"May 09, 2018",Use Cases for Healthcare Automation: Revenue Cycle Management
,/blog/industry-solutions/hr-automation-rpa,INDUSTRY SOLUTIONS,"May 03, 2018",Modern Companies Automate HR Processes with RPA
,/blog/automation/winning-together-at-big-scale-a-conversation-with-ashim-gupta-uipaths-chief-customer-success-officer,AUTOMATION,"April 26, 2018","Winning Together at Big Scale: A Conversation with Ashim Gupta, UiPath's Chief Customer Success Officer"
,/blog/rpa/uipath-academy-one-year-anniversary,RPA,"April 19, 2018","UiPath Academy, One Year Anniversary for the World’s First RPA Education and Training Platform"
,/blog/ai/intelligentocr-rpa-unstructured-data,AI,"April 12, 2018","#IntelligentOCR, RPA's Sidekick in the Fight with Unstructured Data"
,/blog/industry-solutions/leading-insurer-rpa-ai-success-story-uipath,INDUSTRY SOLUTIONS,"April 04, 2018",UiPath at the Heart of Leading Insurer’s #RPA and #AI Success Story
,/blog/product-and-updates/uipath-at-work-automating-the-invoice-process,PRODUCT AND UPDATES,"March 27, 2018",UiPath at Work: Automating the Invoice Process
,/blog/rpa/customer-lessons-learned-a-shortcut-for-new-rpa-adopters,RPA,"March 22, 2018",Customer Lessons Learned: A Shortcut for the New RPA Adopter
,/blog/rpa/uipath-for-compliance-a-gdpr-automation-solution,RPA,"March 15, 2018","UiPath for Compliance, a GDPR Automation Solution"
,/blog/industry-solutions/rpa-the-glue-for-supply-chain-management,INDUSTRY SOLUTIONS,"March 08, 2018",Benefits and Impact of RPA for Supply Chain Management
,/blog/industry-solutions/uipath-for-contact-center-automation,INDUSTRY SOLUTIONS,"March 01, 2018",UiPath for Contact Center Automation
,/blog/rpa/the-rpa-buying-patterns-of-enterprises,RPA,"February 15, 2018",The RPA Buying Patterns of Enterprises
,/blog/product-and-updates/uipath-announces-2018-release,PRODUCT AND UPDATES,"February 08, 2018",UiPath Announces the Availability of UiPath 2018 Platform – Unlocking the Full Potential of Digital Transformation through Enterprise Automation
,/blog/product-and-updates/uipath-2018-release,PRODUCT AND UPDATES,"February 08, 2018",UiPath 2018 Release: Setting the Seal on Enterprise Automation
,/blog/industry-solutions/automation-will-shape-a-new-super-empowered-us-federal-worker,INDUSTRY SOLUTIONS,"February 01, 2018","Automation will shape a new, super-empowered US federal worker"
,/blog/rpa/planning-early-for-big-scale-rpa,RPA,"January 18, 2018",Planning Early for Big Scale #RPA
,/blog/rpa/key-dimensions-of-enterprise-grade-rpa,RPA,"January 05, 2018",Key Dimensions of Enterprise-Grade RPA
,/blog/rpa/compliance-requirements-for-enterprise-automation,RPA,"December 21, 2017",Compliance Requirements for Enterprise Automation
,/blog/industry-solutions/rpa-impact-on-the-utilities-industry,INDUSTRY SOLUTIONS,"December 14, 2017",RPA's Impact on the Utilities Industry
,/blog/automation/three-use-cases-for-attended-automation,AUTOMATION,"November 23, 2017",Attended Automation in Action: Three Real World Scenarios
,/blog/rpa/one-of-the-worlds-largest-rpa-initiatives-powered-by-uipath,RPA,"November 13, 2017",One of the World’s Largest RPA Initiatives - Powered by UiPath
,/blog/rpa/the-future-of-rpa-at-uipathforward,RPA,"November 13, 2017",Excited to discuss the future of RPA at #UiPathForward this week
,/blog/industry-solutions/rpa-for-it-services,INDUSTRY SOLUTIONS,"November 01, 2017",RPA Calls for a Mentality Shift in IT Services
,/blog/rpa/why-rpa-deployments-fail,RPA,"October 26, 2017",Why Some RPA Deployments Fail. And What You Can Do About It.
,/blog/rpa/in-the-mind-of-algorithms-a-conversation-with-uipath,RPA,"October 19, 2017",In The Mind of Algorithms: A Conversation with UiPath’s Machine Learning Team
,/blog/rpa/rpa-in-our-own-words-managing-unstructured-data,RPA,"October 12, 2017",RPA In Our Own Words: Managing Unstructured Data
,/blog/rpa/the-risks-of-rpa-implementation-and-how-to-avoid-them,RPA,"September 28, 2017",RPA Implementation Anxieties? You're Not Alone.
,/blog/rpa/rpa-implementation-the-intersection-of-business-and-it,RPA,"September 21, 2017",RPA Implementation: The Intersection of Business and IT
,/blog/rpa/the-security-requirements-for-a-global-rpa-platform,RPA,"September 14, 2017",The Security Requirements for A Global RPA Platform
,/blog/rpa/to-build-or-buy-how-to-approach-rpa,RPA,"September 07, 2017",To Build or Buy: How to Approach RPA
,/blog/rpa/how-to-choose-an-rpa-vendor,RPA,"August 31, 2017",What Matters Most When Choosing An RPA Vendor
,/blog/industry-solutions/rpas-impact-on-the-travel-industry,INDUSTRY SOLUTIONS,"August 24, 2017",RPA’s Impact on the Travel Industry
,/blog/industry-solutions/rpa-in-the-automotive-industry,INDUSTRY SOLUTIONS,"August 17, 2017",RPA in the Automotive Industry
,/blog/product-and-updates/uipath-rpa-major-release-bringing-high-scalability-to-large-rpa-deployments,PRODUCT AND UPDATES,"August 14, 2017",UiPath 2017.1 Release: Bringing High Scalability to Large RPA Deployments
,/blog/rpa/top-rpa-conversations-so-far-in-2017,RPA,"August 10, 2017",Top RPA Conversations so far in 2017
,/blog/automation/from-ui-to-ai-automation-journey,AUTOMATION,"August 03, 2017",From UI to AI: An Automation Journey
,/blog/rpa/rpa-literacy-the-motor-of-automations-future,RPA,"July 27, 2017",RPA Literacy: The Driver for Automation’s Future
,/blog/rpa/unattended-attended-automation,RPA,"July 20, 2017",Attended Or Unattended RPA? Advantages for Both Solutions
,/blog/rpa/what-will-the-future-of-rpa-look-like,RPA,"July 13, 2017",What Will the Future of RPA Look Like?
,/blog/rpa/uipath-innovator-series-with-boris-krumrey,RPA,"June 29, 2017",UiPath Innovator Interview Series: A Conversation with Boris Krumrey
,/blog/rpa/5-pitfalls-to-avoid-with-rpa-implementation,RPA,"June 23, 2017",5 Common Pitfalls to Avoid With RPA Implementation
,/blog/rpa/the-right-customer-facing-tasks-for-automation,RPA,"June 17, 2017",The Right Customer-Facing Tasks for Automation
,/blog/rpa/how-rpa-reduces-risk-in-business-operations,RPA,"June 06, 2017",How RPA Reduces Risk in Business Operations
,/blog/industry-solutions/rpa-at-work-in-finnish-government-organization,INDUSTRY SOLUTIONS,"May 26, 2017",UiPath robots at work in Finnish government organization
,/blog/rpa/rpa-in-emerging-markets,RPA,"May 18, 2017",RPA in emerging markets
,/blog/industry-solutions/rpa-in-the-healthcare-industry,INDUSTRY SOLUTIONS,"May 10, 2017",RPA in the Healthcare Industry
,/blog/rpa/rpa-and-the-internet-of-things,RPA,"April 26, 2017",RPA and The Internet of Things
,/blog/rpa/rpa-and-big-data,RPA,"April 19, 2017",RPA and Big Data: The Perfect Match?
,/blog/industry-solutions/how-rpa-can-help-companies-rethink-hr-tasks,INDUSTRY SOLUTIONS,"April 05, 2017",How RPA Can Help Companies Rethink HR Tasks
,/blog/industry-solutions/rpa-and-telecommunications,INDUSTRY SOLUTIONS,"March 15, 2017",The Value of RPA in the Telecom Industry
,/blog/industry-solutions/rpa-and-the-insurance-industry,INDUSTRY SOLUTIONS,"February 23, 2017",RPA and the Insurance Industry
,/blog/automation/automation-in-2017-and-beyond,AUTOMATION,"February 14, 2017",4 Projections for Automation in 2017 (and Beyond)
,/blog/product-and-updates/uipath-new-major-release-leading-the-way-in-rpa,PRODUCT AND UPDATES,"February 06, 2017",UiPath New Major Release: Leading the Way in Robotic Process Automation
,/blog/industry-solutions/rpas-role-in-boosting-legal-compliance,INDUSTRY SOLUTIONS,"January 26, 2017",How RPA Technology Facilitates Legal Compliance
,/blog/rpa/uipath-rpa-innovator-series-a-conversation-with-eys-chris-lamberton,RPA,"January 17, 2017",UiPath RPA Innovator Series: A Conversation with EY's Chris Lamberton
,/blog/rpa/does-robotic-process-automation-mean-economic-doom,RPA,"January 12, 2017",Does Robotic Process Automation Mean Economic Doom?
,/blog/industry-solutions/teach-me-automations-role-in-education,INDUSTRY SOLUTIONS,"December 15, 2016",Teach Me: Automation’s Role in Education
,/blog/rpa/looking-forward-looking-back-five-key-moments-in-the-history-of-rpa,RPA,"December 06, 2016","Looking Forward, Looking Back: Five Key Moments in The History of RPA"
,/blog/industry-solutions/accounts-payable-ap-automation-with-rpa,INDUSTRY SOLUTIONS,"November 10, 2016",Accounts Payable (A/P) Automation with Robotic Process Automation (RPA)
,/blog/rpa/the-benefits-and-challenges-of-rpa-implementation,RPA,"November 03, 2016",The Benefits and Challenges of RPA Implementation
,/blog/rpa/why-rpa-is-right-for-the-smb,RPA,"October 27, 2016",Why RPA is Right for The SMB
,/blog/rpa/uipath-innovator-interview-series-sitting-down-with-shantanu-ghosh-of-genpact,RPA,"October 25, 2016",UiPath Innovator Interview Series: Sitting down with Shantanu Ghosh of Genpact
,/blog/rpa/rpa-and-operational-analytics,RPA,"October 18, 2016",RPA and Operational Analytics
,/blog/rpa/how-rpa-creates-not-kills-it-jobs,RPA,"October 11, 2016",How RPA Creates (Not Kills) IT Jobs
,/blog/industry-solutions/four-industries-that-should-consider-rpa-for-long-term-growth,INDUSTRY SOLUTIONS,"October 04, 2016",Four Industries that Should Consider RPA for Long-Term Growth
,/blog/rpa/5-factors-in-choosing-which-processes-to-automate,RPA,"September 29, 2016",5 Factors in Choosing Which Processes to Automate
,/blog/rpa/5-common-rpa-myths-debunked,RPA,"September 13, 2016",5 Common RPA Myths Debunked
,/blog/rpa/how-rpa-supports-digital-transformation,RPA,"September 06, 2016",How RPA Supports Digital Transformation
,/blog/industry-solutions/how-rpa-impacts-the-global-supply-chain,INDUSTRY SOLUTIONS,"August 23, 2016",How RPA Impacts the Global Supply Chain
,/blog/rpa/uipath-rpa-innovator-interview-series-andrew-anderson-of-celaton,RPA,"August 18, 2016",UiPath RPA Innovator Interview Series: Andrew Anderson of Celaton
,/blog/rpa/rpa-by-the-numbers,RPA,"August 16, 2016",RPA By the Numbers
,/blog/rpa/a-qa-on-rpa,RPA,"August 09, 2016",A Q&A on RPA
,/blog/rpa/connecting-with-customers-rpa-in-the-front-office,RPA,"August 02, 2016",Connecting with Customers: RPA in the Front Office
,/blog/automation/how-intelligent-automation-drives-rpa-implementation-success,AUTOMATION,"July 28, 2016",How Intelligent Automation Drives RPA Implementation Success
,/blog/rpa/the-evolution-of-rpa-past-present-and-future,RPA,"July 26, 2016","The Evolution of Robotic Process Automation (RPA): Past, Present, and Future"
,/blog/rpa/uipath-innovator-interview-series-a-conversation-with-david-poole,RPA,"July 19, 2016",UiPath Innovator Interview Series - A Conversation with David Poole
,/blog/industry-solutions/rpa-and-healthcare-an-unlikely-pair,INDUSTRY SOLUTIONS,"July 07, 2016",RPA and Healthcare: An Unlikely Pair?
,/blog/rpa/the-importance-of-intuitive-rpa-solutions,RPA,"June 28, 2016",The Importance of Intuitive RPA Solutions
,/blog/rpa/the-key-milestones-in-the-rpa-journey,RPA,"June 21, 2016",The Key Milestones in the RPA Journey
,/blog/rpa/rpa-and-bpo-minor-changes-or-real-disruption,RPA,"June 14, 2016",RPA and BPO: Minor Changes or Real Disruption?
,/blog/rpa/guy-kirkwood-on-the-evolution-of-rpa,RPA,"June 07, 2016",Guy Kirkwood on the Evolution of RPA - Part III
,/blog/rpa/the-rpa-market-and-landscape,RPA,"June 01, 2016",Guy Kirkwood on the RPA Market and Landscape - Part II
,/blog/rpa/the-three-buckets-of-rpa-growth-a-discussion-with-guy-kirkwood-part-i,RPA,"May 26, 2016",The Three Buckets of RPA Growth - A Discussion with Guy Kirkwood - Part I
,/blog/rpa/rpa-and-how-we-work,RPA,"May 18, 2016",RPA and How We Work
,/blog/rpa/rpa-whats-hype-whats-not,RPA,"May 17, 2016","RPA: What’s Hype, What’s Not"
,/blog/rpa/game-changing-rpa-innovation-isnt-waiting-for-ai-or-cognition,RPA,"May 06, 2016",Game-changing RPA Innovation isn’t waiting for AI or Cognition
,/blog/product-and-updates/uipaths-v2016-1-product-line-rpas-new-world-has-arrived,PRODUCT AND UPDATES,"April 07, 2016",Our New RPA Product Line – Spotlight – has Arrived!
,/blog/rpa/rpa-technology-an-opportunity-or-disruption-for-bpo-providers,RPA,"March 08, 2016",RPA Technology: an Opportunity or Disruption for BPO Providers?
,/blog/rpa/2016-time-for-rpa-industry-leadership-to-seize-the-day,RPA,"January 12, 2016",2016: Time for RPA Industry Leadership to Seize the Day
,/blog/industry-solutions/robotic-process-automation-a-powerful-catalyst-for-insurance-digitization,INDUSTRY SOLUTIONS,"December 22, 2015",Robotic Process Automation: a Powerful Catalyst for Insurance Digitization
,/blog/industry-solutions/insurance-digitization-what-is-it-how-does-robotic-process-automation-play-a-role,INDUSTRY SOLUTIONS,"December 17, 2015",Insurance Digitization: What is it? How does Robotic Process Automation Play a Role?
,/blog/industry-solutions/rpa-a-life-or-lp-insurance-company-closed-book-lifeline,INDUSTRY SOLUTIONS,"December 10, 2015",RPA - a Life or L&P Insurance Company “Closed Book” Lifeline
,/blog/rpa/capgemini-straight-talk-about-robotic-process-automation,RPA,"November 27, 2015",Capgemini – Straight Talk about Robotic Process Automation
,/blog/rpa/the-robotic-process-automation-infographic,RPA,"November 24, 2015",The Robotic Process Automation Infographic
,/blog/rpa/robotic-process-automation-go-big-or-go-home,RPA,"November 19, 2015",Robotic Process Automation - Go Big or Go Home
,/blog/rpa/rpa-paving-big-datas-unstructured-last-mile,RPA,"November 12, 2015",RPA: Paving Big Data’s Unstructured Last Mile
,/blog/rpa/if-robotic-process-automation-is-so-great-why-isn-t-it-everywhere,RPA,"November 05, 2015",If Robotic Process Automation is so great – why isn’t it everywhere?
,/blog/rpa/robotic-process-automation-an-opportunity-disruption-for-bpo,RPA,"October 22, 2015",Robotic Process Automation: an Opportunity & Disruption for BPO
,/blog/rpa/rpa-how-should-companies-plan-for-this-future,RPA,"October 15, 2015",RPA - how should Companies Plan for this Future?
,/blog/rpa/how-robotic-process-automation-fits-data-migration,RPA,"October 08, 2015",How Robotic Process Automation Fits Data Migration
,/blog/rpa/robotic-process-automation-s-next-big-step-ipa-or-digitalization,RPA,"September 24, 2015",Robotic Process Automation’s Next Big Step – IPA or Digitalization?
,/blog/rpa/why-is-there-confusion-about-robotic-process-automation,RPA,"September 17, 2015",Why is There Confusion about Robotic Process Automation?
,/blog/rpa/can-robotic-process-automation-and-fao-coexist,RPA,"September 01, 2015",Can Robotic Process Automation and FAO Coexist?
,/blog/rpa/does-robotic-process-automation-need-rules-based-processes,RPA,"August 25, 2015",Does Robotic Process Automation Need Rules-Based Processes?
,/blog/rpa/robotic-process-automation-a-better-choice-than-fao-or-bpms,RPA,"July 22, 2015",Robotic Process Automation – A Better Choice than FAO or BPMS
,/blog/rpa/the-value-robotic-process-automation-brings-to-regulatory-compliance,RPA,"July 20, 2015",The Value Robotic Process Automation Brings to Regulatory Compliance
,/blog/rpa/robotic-process-automation-why-and-how-your-competitors-are-ahead,RPA,"July 15, 2015",Robotic Process Automation – Why and How Your Competitors are Ahead
,/blog/rpa/ready-to-make-robotic-process-automation-happen-read-this-first,RPA,"July 13, 2015",Ready to Make Robotic Process Automation Happen? Read this First.
,/blog/rpa/12-traits-of-great-robotic-software-companies,RPA,"July 08, 2015",12 Traits of Great Robotic Software Companies
,/blog/rpa/the-roi-winner-robotic-software-or-bpms-software,RPA,"July 06, 2015",The ROI Winner – Robotic Software or BPMS Software?
,/blog/rpa/robotic-software-has-transformed-process-automation,RPA,"July 01, 2015",Robotic Software has Transformed Process Automation
,/blog/rpa/selecting-the-best-robotic-process-automation-software-company-ii,RPA,"June 29, 2015",Selecting the Best Robotic Process Automation Software Company - II
,/blog/rpa/selecting-the-best-robotic-process-automation-software-company-part-1,RPA,"June 24, 2015",Selecting the Best Robotic Process Automation Software Company
,/blog/rpa/5-tips-for-picking-the-right-rpa-vendor,RPA,"June 22, 2015",5 Tips for Choosing the Best RPA Software Product
,/blog/rpa/failure-5-pitfalls-waiting-to-swallow-a-robotic-process-automation-rollout,RPA,"June 17, 2015",Failure! 5 Pitfalls Waiting for a Robotic Process Automation Rollout
,/blog/rpa/bpo-has-a-new-partner-robotic-process-automation,RPA,"June 15, 2015",BPO has a New Partner – Robotic Process Automation
,/blog/rpa/does-robotic-process-automation-really-deliver-analytic-value,RPA,"June 10, 2015",Does Robotic Process Automation Really Deliver Analytic Value?
,/blog/rpa/disney-us-senate-h-1b-visa-hearings-and-robotic-process-automation,RPA,"June 08, 2015","Disney, H-1B Visa Hearings - and Robotic Process Automation"
,/blog/rpa/rpa-best-of-may-blog-our-readers-pick-the-winners,RPA,"June 01, 2015","RPA ""Best of May"" Blog: Our Readers Pick the Winners"
,/blog/rpa/robotic-process-automation-is-not-autonomics-and-thats-fine,RPA,"May 27, 2015",Robotic Process Automation is NOT Autonomics (and that’s fine)
,/blog/industry-solutions/financial-accounting-automation-big-news-or-old-news,INDUSTRY SOLUTIONS,"May 25, 2015",Financial & Accounting Robotic Process Automation - Big News or Old News?
,/blog/industry-solutions/robotic-process-automation-elevates-call-center-performance,INDUSTRY SOLUTIONS,"May 20, 2015",Robotic Process Automation: Elevates Call Center Performance
,/blog/industry-solutions/robotic-process-automation-driving-insurance-industry-innovation,INDUSTRY SOLUTIONS,"May 18, 2015",Robotic Process Automation Delivers Insurance Industry Innovation
,/blog/automation/bpo-automation-great-opportunities-4-challenges,AUTOMATION,"May 13, 2015",BPO & Robotic Process Automation: Implementation Risks
,/blog/product-and-updates/uipath-workflow-designer-seeing-is-believing,PRODUCT AND UPDATES,"May 09, 2015",UiPath Workflow Designer: Seeing is Believing
,/blog/rpa/4-must-haves-for-a-great-robotic-software-user-experience,RPA,"May 06, 2015",4 Keys to Evaluating a Robotic Software User Experience
,/blog/rpa/7-must-haves-for-bpo-rpa-service-offerings,RPA,"May 02, 2015",BPO Service Offerings: 7 Essential RPA Core Competencies
,/blog/rpa/top-10-robotic-desktop-automation-features,RPA,"April 29, 2015",Top 10 Robotic Desktop Automation Features
,/blog/rpa/what-to-look-for-top-10-rpa-system-features,RPA,"April 27, 2015",Top 10 Robotic Process Automation System Features
,/blog/rpa/how-rpa-impacts-bpo-new-deal-competitiveness,RPA,"April 22, 2015",How RPA Will Win New BPO Deals
,/blog/rpa/robotic-process-automation-is-it-really-an-innovative-technology,RPA,"April 20, 2015",Robotic Process Automation: is it really an Innovative Technology?
,/blog/industry-solutions/how-uipath-automation-solutions-optimize-finance-accounting-processes,INDUSTRY SOLUTIONS,"April 15, 2015",UiPath Automation Solutions Optimize Finance & Accounting Processes
,/blog/rpa/robotic-process-automation-itpa-why-the-differences-are-important,RPA,"April 13, 2015",Robotic Process Automation & ITPA: Why the Differences are Important
,/blog/rpa/three-signs-your-business-needs-what-uipath-process-automation-can-do,RPA,"April 08, 2015",3 Signs Your Business Needs What UiPath Process Automation Can Do
,/blog/rpa/uipath-web-automation-see-exactly-how-rpa-magic-works,RPA,"April 06, 2015",UiPath Web Automation: See Exactly How RPA Magic Works
,/blog/rpa/how-to-bring-robotic-process-automation-into-your-company,RPA,"April 01, 2015",How to Bring Robotic Process Automation into Your Company
,/blog/rpa/robotic-process-automation-and-zero-based-budgeting-a-perfect-match,RPA,"March 30, 2015",Robotic Process Automation & Zero-Based Budgeting: A Perfect Match?
,/blog/rpa/rpa-vs-bpm-one-goal-two-solutions,RPA,"March 17, 2015","RPA vs BPM: One Goal, Two Solutions"
,/blog/rpa/whats-in-a-name-rpa-vs-autonomics,RPA,"March 16, 2015",What's in a Name: RPA vs. Autonomics
,/blog/ai/looking-forward-rpa-artificial-intelligence,AI,"March 11, 2015",Looking Forward: RPA & Artificial Intelligence
,/blog/rpa/using-rpa-to-reduce-brain-drain,RPA,"March 09, 2015",Using RPA to Reduce Brain Drain
,/blog/rpa/benefit-of-rpa-efficiency,RPA,"March 04, 2015",Benefit of RPA: Efficiency
,/blog/industry-solutions/industry-specifics-rpa-fa,INDUSTRY SOLUTIONS,"March 03, 2015",Industry Specifics: RPA & F&A
,/blog/rpa/implementing-rpa-challenges-obstacles,RPA,"February 23, 2015",Implementing RPA: Challenges & Obstacles
,/blog/rpa/rpa-bpos-working-together,RPA,"February 18, 2015",RPA & BPOs: Working Together
,/blog/industry-solutions/industry-specifics-rpa-healthcare,INDUSTRY SOLUTIONS,"February 16, 2015",Industry Specifics: RPA & Healthcare
,/blog/rpa/rpa-for-small-businesses,RPA,"February 11, 2015",RPA for Small Businesses
,/blog/rpa/an-rpa-model-to-grow-with,RPA,"February 09, 2015",An RPA Model to Grow With
,/blog/rpa/rpa-in-it-the-80-20-work-breakdown,RPA,"February 04, 2015",RPA in IT: The 80/20 Work Breakdown
,/blog/industry-solutions/industry-specifics-rpa-and-law,INDUSTRY SOLUTIONS,"February 02, 2015",Industry Specifics: RPA and Legal
,/blog/rpa/managing-your-robots-humans-necessary,RPA,"January 28, 2015",Managing Your Robots: Humans Necessary
,/blog/rpa/rpas-physical-equivalent-baxter,RPA,"January 26, 2015",RPA's Physical Equivalent - Baxter
,/blog/rpa/working-alongside-robots,RPA,"January 21, 2015",Working Alongside Robots
,/blog/industry-solutions/industry-specifics-rpa-and-utilities,INDUSTRY SOLUTIONS,"January 19, 2015",Industry Specifics: RPA and Utilities
,/blog/rpa/rpa-and-the-back-office-front-office-debate,RPA,"January 13, 2015",RPA and the Back Office/Front Office Debate
,/blog/ai/from-quiz-show-winner-to-doctor-ibms-watson,AI,"January 12, 2015",From Jeopardy! Winner to Doctor: IBM's Watson
,/blog/rpa/what-we-mean-when-we-talk-about-robots,RPA,"January 07, 2015",What We Mean When We Talk About Robots
,/blog/rpa/getting-started-with-robotic-process-automation,RPA,"January 05, 2015",Getting Started with Robotic Process Automation
,/blog/rpa/robotic-process-automation-in-2014,RPA,"December 31, 2014",Robotic Process Automation in 2014
,/blog/ai/when-a-computer-outsmarted-a-master,AI,"December 29, 2014",When a Computer Outsmarted a Master
,/blog/rpa/robots-in-the-world,RPA,"December 24, 2014",Robots in the World
,/blog/industry-solutions/industry-specifics-rpa-and-banking,INDUSTRY SOLUTIONS,"December 22, 2014",Industry Specifics: RPA and Banking
,/blog/rpa/the-best-looking-rpa-interface-around,RPA,"December 17, 2014",The Best Looking RPA Interface Around
,/blog/rpa/can-robots-think-the-turing-test-and-rpa,RPA,"December 15, 2014",Can Robots Think? The Turing Test and RPA
,/blog/automation/the-possibilities-of-web-automation,AUTOMATION,"December 10, 2014",The Possibilities of Web Automation
,/blog/industry-solutions/industry-specifics-rpa-and-insurance,INDUSTRY SOLUTIONS,"December 08, 2014",Industry Specifics: RPA and Insurance
,/blog/rpa/the-solution-to-data-migration-troubles,RPA,"December 03, 2014",The Solution to Data Migration Troubles
,/blog/rpa/moores-law-and-robotic-process-automation,RPA,"December 01, 2014",Moore's Law and Robotic Process Automation
,/blog/ai/rpa-big-data-the-internet-of-things-more-than-hype,AI,"November 26, 2014","RPA, Big Data, & the Internet of Things: More than Hype"
,/blog/rpa/will-rpa-really-take-jobs,RPA,"November 24, 2014",Will RPA Really Take Jobs?
,/blog/automation/automation-in-the-cloud,AUTOMATION,"November 19, 2014",Automation in the Cloud
,/blog/rpa/reshoring-through-rpa,RPA,"November 17, 2014",ReShoring Through RPA
,/blog/rpa/say-goodbye-to-application-integration,RPA,"November 12, 2014",Say Goodbye to Application Integration
,/blog/rpa/the-impact-of-rpa-on-outsourcing,RPA,"November 10, 2014",The Impact of RPA on Outsourcing
,/blog/rpa/screen-scraping-that-works-for-you,RPA,"November 05, 2014",Screen Scraping That Works For You
,/blog/rpa/the-oncoming-storm-of-regulation,RPA,"November 03, 2014",The Oncoming Storm of Regulation
,/blog/rpa/hidden-benefits-of-rpa-scalability,RPA,"October 29, 2014",Hidden Benefits of RPA: Scalability
,/blog/industry-solutions/four-industries-perfect-for-rpa,INDUSTRY SOLUTIONS,"October 27, 2014",Four Industries Perfect for RPA
,/blog/rpa/using-rpa-to-harness-key-analytics,RPA,"October 22, 2014",Hidden Benefits of RPA: Key Analytics
,/blog/automation/what-a-robot-sees-using-ocr-in-rpa,AUTOMATION,"October 20, 2014",What a Robot Sees: Using OCR in RPA
,/blog/rpa/five-characteristics-of-business-processes-that-are-perfect-for-rpa,RPA,"October 15, 2014",Five Characteristics of Business Processes That Are Perfect for RPA
,/blog/rpa/legacy-systems,RPA,"October 13, 2014",RPA as a Solution to Your Legacy Needs
,/blog/rpa/handling-errors-can-you-trust-a-robot,RPA,"October 08, 2014",Handling Errors: Can You Trust a Robot?
,/blog/rpa/what-is-the-presentation-layer-anyway,RPA,"October 06, 2014","What is the Presentation Layer, Anyway?"
,/blog/rpa/managing-the-long-tail-of-it-requirements,RPA,"October 01, 2014","Managing the ""Long Tail"" of IT Requirements"
,/blog/rpa/tips-for-overcoming-it-bureaucracy-part-2,RPA,"September 29, 2014","Tips for Overcoming IT Bureaucracy, Part 2"
,/blog/rpa/tips-for-overcoming-it-bureaucracy-part-1,RPA,"September 22, 2014","Tips for Overcoming IT Bureaucracy, Part 1"
,/blog/rpa/how-to-train-your-robot,RPA,"September 17, 2014",How to Train Your Robot
,/blog/rpa/whats-the-difference-between-robots-and-macros,RPA,"September 15, 2014",What's the Difference Between Robots and Macros?
,/blog/rpa/what-is-robotic-process-automation,RPA,"September 12, 2014",What Is Robotic Process Automation?
,/blog/digital-transformation/four-pitfalls-of-bpo,DIGITAL TRANSFORMATION,"September 11, 2014",Four Pitfalls of BPO
,/blog/rpa/isaac-asimovs-laws-of-robotics,RPA,"July 22, 2014",The Literary Antecedents of the Laws of Robotics
